01/04/17,6898
02/04/17,6608
03/04/17,6842
04/04/17,6838
05/04/17,6724
06/04/17,6750
07/04/17,6902
08/04/17,6738
09/04/17,6512
10/04/17,6640
11/04/17,7014
12/04/17,6912
13/04/17,7020
14/04/17,6980
15/04/17,6960
16/04/17,6728
17/04/17,7010
18/04/17,7148
19/04/17,7158
20/04/17,7120
21/04/17,7138
22/04/17,6938
23/04/17,6684
24/04/17,6820
25/04/17,7034
26/04/17,6958
27/04/17,6976
28/04/17,7024
29/04/17,6924
30/04/17,6568
01/05/17,6452
02/05/17,6856
03/05/17,6926
04/05/17,7000
05/05/17,7162
06/05/17,7072
07/05/17,6728
08/05/17,6984
09/05/17,6886
10/05/17,6888
11/05/17,7042
12/05/17,7144
13/05/17,7154
14/05/17,6886
15/05/17,7152
16/05/17,7150
17/05/17,7050
18/05/17,7052
19/05/17,7062
20/05/17,7012
21/05/17,6678
22/05/17,6776
23/05/17,6944
24/05/17,7114
25/05/17,7202
26/05/17,7176
27/05/17,6862
28/05/17,6606
29/05/17,6560
30/05/17,6756
31/05/17,6762
01/06/17,6830
02/06/17,6956
03/06/17,7010
04/06/17,6770
05/06/17,7056
06/06/17,6980
07/06/17,6542
08/06/17,6568
09/06/17,6570
10/06/17,6462
11/06/17,6212
12/06/17,6564
13/06/17,6722
14/06/17,6872
15/06/17,6846
16/06/17,6738
17/06/17,6808
18/06/17,6762
19/06/17,6814
20/06/17,6592
21/06/17,6592
22/06/17,6702
23/06/17,6802
24/06/17,6786
25/06/17,6574
26/06/17,6686
27/06/17,6716
28/06/17,6440
29/06/17,6178
30/06/17,6250
01/07/17,6234
02/07/17,6000
03/07/17,6358
04/07/17,6496
05/07/17,6576
06/07/17,6648
07/07/17,6736
08/07/17,6886
09/07/17,6788
10/07/17,6914
11/07/17,6842
12/07/17,6654
13/07/17,6662
14/07/17,6708
15/07/17,6708
16/07/17,6484
17/07/17,6686
18/07/17,6638
19/07/17,6666
20/07/17,6614
21/07/17,6746
22/07/17,6658
23/07/17,6432
24/07/17,6506
25/07/17,6656
26/07/17,6756
27/07/17,6824
28/07/17,6914
29/07/17,6928
30/07/17,6684
31/07/17,6856
01/08/17,6732
02/08/17,6764
03/08/17,6818
04/08/17,6914
05/08/17,6992
06/08/17,6878
07/08/17,6814
08/08/17,6948
09/08/17,6964
10/08/17,6922
11/08/17,7022
12/08/17,6892
13/08/17,6692
14/08/17,6832
15/08/17,6594
16/08/17,6860
17/08/17,7236
18/08/17,7286
19/08/17,6984
20/08/17,6544
21/08/17,6738
22/08/17,6890
23/08/17,6886
24/08/17,6934
25/08/17,6612
26/08/17,6580
27/08/17,6458
28/08/17,6562
29/08/17,6470
30/08/17,6532
31/08/17,6576
01/09/17,6374
02/09/17,6320
03/09/17,6224
04/09/17,6618
05/09/17,6722
06/09/17,6814
07/09/17,6872
08/09/17,6890
09/09/17,6976
10/09/17,6902
11/09/17,7088
12/09/17,7108
13/09/17,7128
14/09/17,7072
15/09/17,7054
16/09/17,7008
17/09/17,6578
18/09/17,6698
19/09/17,6852
20/09/17,6878
21/09/17,6918
22/09/17,6740
23/09/17,6590
24/09/17,6602
25/09/17,6778
26/09/17,6864
27/09/17,6874
28/09/17,6874
29/09/17,6650
30/09/17,6406
01/10/17,6316
02/10/17,6380
03/10/17,6670
04/10/17,6814
05/10/17,6878
06/10/17,6882
07/10/17,6876
08/10/17,6628
09/10/17,6752
10/10/17,6748
11/10/17,6716
12/10/17,6696
13/10/17,6714
14/10/17,6676
15/10/17,6480
16/10/17,6574
17/10/17,6650
18/10/17,6516
19/10/17,6160
20/10/17,5940
21/10/17,5964
22/10/17,6058
23/10/17,6390
24/10/17,6458
25/10/17,6548
26/10/17,6520
27/10/17,6504
28/10/17,6466
29/10/17,6254
30/10/17,6338
31/10/17,6336
01/11/17,6248
02/11/17,6302
03/11/17,6334
04/11/17,6286
05/11/17,6068
06/11/17,6264
07/11/17,6290
08/11/17,6378
09/11/17,6436
10/11/17,6424
11/11/17,6332
12/11/17,6168
13/11/17,6264
14/11/17,6330
15/11/17,6296
16/11/17,6366
17/11/17,6422
18/11/17,6368
19/11/17,6146
20/11/17,6276
21/11/17,6318
22/11/17,6340
23/11/17,6340
24/11/17,6360
25/11/17,6312
26/11/17,6078
27/11/17,6200
28/11/17,6300
29/11/17,6298
30/11/17,6198
01/12/17,6124
02/12/17,6132
03/12/17,5914
04/12/17,6092
05/12/17,6012
06/12/17,6010
07/12/17,6160
08/12/17,6336
09/12/17,6228
10/12/17,6094
11/12/17,6198
12/12/17,6136
13/12/17,6350
14/12/17,6364
15/12/17,6370
16/12/17,6338
17/12/17,6200
18/12/17,6344
19/12/17,6388
20/12/17,6434
21/12/17,6458
22/12/17,6476
23/12/17,6414
24/12/17,6232
25/12/17,6328
26/12/17,6476
27/12/17,6484
28/12/17,6460
29/12/17,6464
30/12/17,6448
31/12/17,6232
01/01/18,6246
02/01/18,6418
03/01/18,6568
04/01/18,6522
05/01/18,#VALUE!
06/01/18,6496
07/01/18,6286
08/01/18,6504
09/01/18,6608
10/01/18,6624
11/01/18,6634
12/01/18,6712
13/01/18,6668
14/01/18,6244
15/01/18,6460
16/01/18,6488
17/01/18,6610
18/01/18,6630
19/01/18,6614
20/01/18,6614
21/01/18,6380
22/01/18,6554
23/01/18,6516
24/01/18,6466
25/01/18,6502
26/01/18,6210
27/01/18,6382
28/01/18,6302
29/01/18,6486
30/01/18,6540
31/01/18,6554
01/02/18,6554
02/02/18,6548
03/02/18,6572
04/02/18,6342
05/02/18,6516
06/02/18,6616
07/02/18,6604
08/02/18,6580
09/02/18,6638
10/02/18,6618
11/02/18,6186
12/02/18,6208
13/02/18,6314
14/02/18,6354
15/02/18,6472
16/02/18,6578
17/02/18,6564
18/02/18,6378
19/02/18,6560
20/02/18,6700
21/02/18,6708
22/02/18,6768
23/02/18,6778
24/02/18,6718
25/02/18,6622
26/02/18,6724
27/02/18,6856
28/02/18,6920
01/03/18,6852
02/03/18,6248
03/03/18,6388
04/03/18,6594
05/03/18,6724
06/03/18,6846
07/03/18,6888
08/03/18,6922
09/03/18,6918
10/03/18,6874
11/03/18,6702
12/03/18,6924
13/03/18,7004
14/03/18,7002
15/03/18,6978
16/03/18,6858
17/03/18,6634
18/03/18,6470
19/03/18,6786
20/03/18,6900
21/03/18,6898
22/03/18,6960
23/03/18,7046
24/03/18,7040
25/03/18,6782
26/03/18,7044
27/03/18,7128
28/03/18,7194
29/03/18,7190
30/03/18,7034
31/03/18,6838
01/04/18,6170
02/04/18,6800
03/04/18,6990
04/04/18,7114
05/04/18,7094
06/04/18,7006
07/04/18,6780
08/04/18,6540
09/04/18,6724
10/04/18,6900
11/04/18,6760
12/04/18,6748
13/04/18,6938
14/04/18,6938
15/04/18,6726
16/04/18,7052
17/04/18,7172
18/04/18,7146
19/04/18,7300
20/04/18,7152
21/04/18,7186
22/04/18,6884
23/04/18,7164
24/04/18,7234
25/04/18,7284
26/04/18,7302
27/04/18,7350
28/04/18,7364
29/04/18,7084
30/04/18,7048
01/05/18,6856
02/05/18,6954
03/05/18,6660
04/05/18,6958
05/05/18,7220
06/05/18,6966
07/05/18,7256
08/05/18,7166
09/05/18,7158
10/05/18,7212
11/05/18,7306
12/05/18,7240
13/05/18,6794
14/05/18,6740
15/05/18,7128
16/05/18,7148
17/05/18,7326
18/05/18,7370
19/05/18,7360
20/05/18,7182
21/05/18,7508
22/05/18,7650
23/05/18,7660
24/05/18,7664
25/05/18,7610
26/05/18,7566
27/05/18,7460
28/05/18,7658
29/05/18,7686
30/05/18,7688
31/05/18,7724
01/06/18,7454
02/06/18,7030
03/06/18,7000
04/06/18,7476
05/06/18,7568
06/06/18,7360
07/06/18,7430
08/06/18,7400
09/06/18,7000
10/06/18,6732
11/06/18,7164
12/06/18,7268
13/06/18,7354
14/06/18,7468
15/06/18,7598
16/06/18,7488
17/06/18,6990
18/06/18,7308
19/06/18,7514
20/06/18,7714
21/06/18,7724
22/06/18,7768
23/06/18,7642
24/06/18,7342
25/06/18,7542
26/06/18,7428
27/06/18,7168
28/06/18,6798
29/06/18,6898
30/06/18,7080
01/07/18,6934
02/07/18,7140
03/07/18,6992
04/07/18,6966
05/07/18,7196
06/07/18,7372
07/07/18,7476
08/07/18,7288
09/07/18,7498
10/07/18,7610
11/07/18,7440
12/07/18,7286
13/07/18,7124
14/07/18,6962
15/07/18,6850
16/07/18,7014
17/07/18,7026
18/07/18,7218
19/07/18,7306
20/07/18,7278
21/07/18,7008
22/07/18,6630
23/07/18,6964
24/07/18,7170
25/07/18,7106
26/07/18,6758
27/07/18,6770
28/07/18,6878
29/07/18,6894
30/07/18,7212
31/07/18,7382
01/08/18,7378
02/08/18,7480
03/08/18,7570
04/08/18,7664
05/08/18,7446
06/08/18,7496
07/08/18,7416
08/08/18,7308
09/08/18,7484
10/08/18,7720
11/08/18,7560
12/08/18,7124
13/08/18,7334
14/08/18,7510
15/08/18,7020
16/08/18,7076
17/08/18,7250
18/08/18,7262
19/08/18,7024
20/08/18,7138
21/08/18,7258
22/08/18,7408
23/08/18,7264
24/08/18,7270
25/08/18,7216
26/08/18,6834
27/08/18,7098
28/08/18,7220
29/08/18,7234
30/08/18,7384
31/08/18,7434
01/09/18,7230
02/09/18,6830
03/09/18,6938
04/09/18,7154
05/09/18,7264
06/09/18,7312
07/09/18,7352
08/09/18,7220
09/09/18,7106
10/09/18,7346
11/09/18,7600
12/09/18,7588
13/09/18,7536
14/09/18,7748
15/09/18,7724
16/09/18,7586
17/09/18,7644
18/09/18,7774
19/09/18,7850
20/09/18,7776
21/09/18,7500
22/09/18,7008
23/09/18,6684
24/09/18,6970
25/09/18,6994
26/09/18,7250
27/09/18,7350
28/09/18,7430
29/09/18,7460
30/09/18,7326
01/10/18,7516
02/10/18,7440
03/10/18,7608
04/10/18,7626
05/10/18,7658
06/10/18,7604
07/10/18,7420
08/10/18,7646
09/10/18,7646
10/10/18,7654
11/10/18,7446
12/10/18,7472
13/10/18,7454
14/10/18,7228
15/10/18,7420
16/10/18,7400
17/10/18,7302
18/10/18,7006
19/10/18,6928
20/10/18,7136
21/10/18,7070
22/10/18,7254
23/10/18,7338
24/10/18,7332
25/10/18,7350
26/10/18,7300
27/10/18,7242
28/10/18,6966
29/10/18,7126
30/10/18,7160
31/10/18,7242
01/11/18,7142
02/11/18,7114
03/11/18,7028
04/11/18,6832
05/11/18,7030
06/11/18,6884
07/11/18,6352
08/11/18,6126
09/11/18,6344
10/11/18,6512
11/11/18,6500
12/11/18,6738
13/11/18,6814
14/11/18,6794
15/11/18,6804
16/11/18,6686
17/11/18,6708
18/11/18,6526
19/11/18,6716
20/11/18,6754
21/11/18,6750
22/11/18,6702
23/11/18,6658
24/11/18,6636
25/11/18,6448
26/11/18,6656
27/11/18,6668
28/11/18,6724
29/11/18,6708
30/11/18,6736
01/12/18,6644
02/12/18,6396
03/12/18,6612
04/12/18,6682
05/12/18,6714
06/12/18,6752
07/12/18,6708
08/12/18,6736
09/12/18,6504
10/12/18,6672
11/12/18,6730
12/12/18,6688
13/12/18,6676
14/12/18,6660
15/12/18,6620
16/12/18,6384
17/12/18,6442
18/12/18,6466
19/12/18,6584
20/12/18,6688
21/12/18,6752
22/12/18,6716
23/12/18,6450
24/12/18,6662
25/12/18,6692
26/12/18,6818
27/12/18,6840
28/12/18,6846
29/12/18,6712
30/12/18,6496
31/12/18,6664
01/01/19,6596
02/01/19,6640
03/01/19,6740
04/01/19,6814
05/01/19,6742
06/01/19,6512
07/01/19,6676
08/01/19,6786
09/01/19,6772
10/01/19,6834
11/01/19,6884
12/01/19,6816
13/01/19,6588
14/01/19,6558
15/01/19,6570
16/01/19,6652
17/01/19,6724
18/01/19,6826
19/01/19,6798
20/01/19,6596
21/01/19,6608
22/01/19,6496
23/01/19,6682
24/01/19,6676
25/01/19,6586
26/01/19,6174
27/01/19,6162
28/01/19,6494
29/01/19,6604
30/01/19,6708
31/01/19,6706
01/02/19,6690
02/02/19,6682
03/02/19,6492
04/02/19,6682
05/02/19,6842
06/02/19,6830
07/02/19,6596
08/02/19,6618
09/02/19,6576
10/02/19,6422
11/02/19,6650
12/02/19,6796
13/02/19,6834
14/02/19,6768
15/02/19,6704
16/02/19,6634
17/02/19,6536
18/02/19,6722
19/02/19,6878
20/02/19,6912
21/02/19,6976
22/02/19,7022
23/02/19,6996
24/02/19,6752
25/02/19,6880
26/02/19,6896
27/02/19,6848
28/02/19,6846
01/03/19,6978
02/03/19,6930
03/03/19,6574
04/03/19,6836
05/03/19,6980
06/03/19,7012
07/03/19,7106
08/03/19,7140
09/03/19,7068
10/03/19,6896
11/03/19,7136
12/03/19,7256
13/03/19,7244
14/03/19,7164
15/03/19,7160
16/03/19,7186
17/03/19,6930
18/03/19,7128
19/03/19,7318
20/03/19,7228
21/03/19,6536
22/03/19,6826
23/03/19,7094
24/03/19,7032
25/03/19,7288
26/03/19,7354
27/03/19,7434
28/03/19,7468
29/03/19,7584
30/03/19,7590
31/03/19,7182
01/04/19,7304
02/04/19,7522
03/04/19,7654
04/04/19,7702
05/04/19,7632
06/04/19,7456
07/04/19,6966
08/04/19,7320
09/04/19,7462
10/04/19,7546
11/04/19,7600
12/04/19,7674
13/04/19,7618
14/04/19,7376
15/04/19,7574
16/04/19,7162
17/04/19,6794
18/04/19,6910
19/04/19,7022
20/04/19,7172
21/04/19,6968
22/04/19,7350
23/04/19,7434
24/04/19,7642
25/04/19,7872
26/04/19,7952
27/04/19,7874
28/04/19,7608
29/04/19,7908
30/04/19,7896
01/05/19,7484
02/05/19,7588
03/05/19,7388
04/05/19,7422
05/05/19,7296
06/05/19,7714
07/05/19,7864
08/05/19,7942
09/05/19,8018
10/05/19,8048
11/05/19,7954
12/05/19,7650
13/05/19,7768
14/05/19,7734
15/05/19,7754
16/05/19,7784
17/05/19,7748
18/05/19,7616
19/05/19,7544
20/05/19,7942
21/05/19,8106
22/05/19,8102
23/05/19,8182
24/05/19,7888
25/05/19,7836
26/05/19,7672
27/05/19,8050
28/05/19,8248
29/05/19,8258
30/05/19,8290
31/05/19,8224
01/06/19,8004
02/06/19,7898
03/06/19,7844
04/06/19,8056
05/06/19,8186
06/06/19,8040
07/06/19,7940
08/06/19,8000
09/06/19,7886
10/06/19,8108
11/06/19,8248
12/06/19,7888
13/06/19,7794
14/06/19,8186
15/06/19,8112
16/06/19,7696
17/06/19,7888
18/06/19,7684
19/06/19,7880
20/06/19,7920
21/06/19,7988
22/06/19,7794
23/06/19,7510
24/06/19,7748
25/06/19,7982
26/06/19,8022
27/06/19,8054
28/06/19,8016
29/06/19,7948
30/06/19,7624
01/07/19,7804
02/07/19,7728
03/07/19,7810
04/07/19,7796
05/07/19,7614
06/07/19,7400
07/07/19,7124
08/07/19,7522
09/07/19,7442
10/07/19,7500
11/07/19,7468
12/07/19,7620
13/07/19,7632
14/07/19,7332
15/07/19,7526
16/07/19,7498
17/07/19,7620
18/07/19,7768
19/07/19,7806
20/07/19,7742
21/07/19,7498
22/07/19,7856
23/07/19,8016
24/07/19,7986
25/07/19,7516
26/07/19,7282
27/07/19,7022
28/07/19,6756
29/07/19,7088
30/07/19,7246
31/07/19,7334
01/08/19,7402
02/08/19,7258
03/08/19,7128
04/08/19,6972
05/08/19,7410
06/08/19,7218
07/08/19,6990
08/08/19,6990
09/08/19,6998
10/08/19,7148
11/08/19,7170
12/08/19,7502
13/08/19,7386
14/08/19,7278
15/08/19,6646
16/08/19,7004
17/08/19,6864
18/08/19,6550
19/08/19,6988
20/08/19,7286
21/08/19,7472
22/08/19,7452
23/08/19,7538
24/08/19,7380
25/08/19,7074
26/08/19,7416
27/08/19,7718
28/08/19,7884
29/08/19,8008
30/08/19,7972
31/08/19,7850
01/09/19,7274
02/09/19,7300
03/09/19,7502
04/09/19,7490
05/09/19,7508
06/09/19,7586
07/09/19,7540
08/09/19,7258
09/09/19,7614
10/09/19,7786
11/09/19,7784
12/09/19,7620
13/09/19,7554
14/09/19,7556
15/09/19,7344
16/09/19,7612
17/09/19,7498
18/09/19,7302
19/09/19,7266
20/09/19,7390
21/09/19,7348
22/09/19,6864
23/09/19,7118
24/09/19,7042
25/09/19,6914
26/09/19,6754
27/09/19,6612
28/09/19,6374
29/09/19,5992
30/09/19,6262
01/10/19,6446
02/10/19,6294
03/10/19,6620
04/10/19,6674
05/10/19,6674
06/10/19,6494
07/10/19,6462
08/10/19,6170
09/10/19,6532
10/10/19,6782
11/10/19,6872
12/10/19,6830
13/10/19,6618
14/10/19,6916
15/10/19,6972
16/10/19,6940
17/10/19,6946
18/10/19,6838
19/10/19,6624
20/10/19,6268
21/10/19,6286
22/10/19,6360
23/10/19,6310
24/10/19,6186
25/10/19,6128
26/10/19,5888
27/10/19,5404
28/10/19,5270
29/10/19,5514
30/10/19,5716
31/10/19,5914
01/11/19,6006
02/11/19,6028
03/11/19,5832
04/11/19,6186
05/11/19,6294
06/11/19,6386
07/11/19,6202
08/11/19,6170
09/11/19,6128
10/11/19,5956
11/11/19,6270
12/11/19,6392
13/11/19,6426
14/11/19,6396
15/11/19,6386
16/11/19,6374
17/11/19,6164
18/11/19,6440
19/11/19,6528
20/11/19,6564
21/11/19,6580
22/11/19,6584
23/11/19,6510
24/11/19,6276
25/11/19,6536
26/11/19,6568
27/11/19,6540
28/11/19,6438
29/11/19,6492
30/11/19,6454
01/12/19,6050
02/12/19,6254
03/12/19,6334
04/12/19,6424
05/12/19,6504
06/12/19,6538
07/12/19,6470
08/12/19,6236
09/12/19,6506
10/12/19,6670
11/12/19,6720
12/12/19,6582
13/12/19,6264
14/12/19,6378
15/12/19,6150
16/12/19,6400
17/12/19,6546
18/12/19,6630
19/12/19,6714
20/12/19,6808
21/12/19,6762
22/12/19,6588
23/12/19,6840
24/12/19,6912
25/12/19,6832
26/12/19,6878
27/12/19,6936
28/12/19,6878
29/12/19,6692
30/12/19,6898
31/12/19,6960
01/01/20,6760
02/01/20,6766
03/01/20,6780
04/01/20,6776
05/01/20,6542
06/01/20,6794
07/01/20,6884
08/01/20,6782
09/01/20,6806
10/01/20,6910
11/01/20,6914
12/01/20,6728
13/01/20,6842
14/01/20,6752
15/01/20,6602
16/01/20,6530
17/01/20,6698
18/01/20,6754
19/01/20,6540
20/01/20,6918
21/01/20,7054
22/01/20,7068
23/01/20,7088
24/01/20,7152
25/01/20,7134
26/01/20,6694
27/01/20,7014
28/01/20,7096
29/01/20,7068
30/01/20,7106
31/01/20,7160
01/02/20,7048
02/02/20,6842
03/02/20,7096
04/02/20,7180
05/02/20,7218
06/02/20,7264
07/02/20,7272
08/02/20,7192
09/02/20,6878
10/02/20,7104
11/02/20,7290
12/02/20,7332
13/02/20,7342
14/02/20,7338
15/02/20,7310
16/02/20,7142
17/02/20,7398
18/02/20,7490
19/02/20,7514
20/02/20,7436
21/02/20,7198
22/02/20,7218
23/02/20,7012
24/02/20,7234
25/02/20,7268
26/02/20,7264
27/02/20,7260
28/02/20,7366
29/02/20,7174
01/03/20,6756
02/03/20,7130
03/03/20,7270
04/03/20,7182
05/03/20,7066
06/03/20,6774
07/03/20,6820
08/03/20,6698
09/03/20,6766
10/03/20,6168
11/03/20,6434
12/03/20,6782
13/03/20,6868
14/03/20,6826
15/03/20,6632
16/03/20,6988
17/03/20,7172
18/03/20,7210
19/03/20,7188
20/03/20,7130
21/03/20,6990
22/03/20,6060
23/03/20,6226
24/03/20,5950
25/03/20,5554
26/03/20,5304
27/03/20,5184
28/03/20,5258
29/03/20,5280
30/03/20,5330
31/03/20,5410
01/04/20,5462
02/04/20,5574
03/04/20,5588
04/04/20,5582
05/04/20,5504
06/04/20,5514
07/04/20,5454
08/04/20,5434
09/04/20,5390
10/04/20,5434
11/04/20,5600
12/04/20,5638
13/04/20,5826
14/04/20,5954
15/04/20,5876
16/04/20,5938
17/04/20,5972
18/04/20,5816
19/04/20,5724
20/04/20,5728
21/04/20,5578
22/04/20,5800
23/04/20,5840
24/04/20,5834
25/04/20,5790
26/04/20,5484
27/04/20,5478
28/04/20,5670
29/04/20,5722
30/04/20,5910
01/05/20,5856
02/05/20,5994
03/05/20,5922
04/05/20,6000
05/05/20,6100
06/05/20,6100
07/05/20,6136
08/05/20,6386
09/05/20,6574
10/05/20,6144
11/05/20,6130
12/05/20,6496
13/05/20,6626
14/05/20,6640
15/05/20,6744
16/05/20,6820
17/05/20,6698
18/05/20,6794
19/05/20,6812
20/05/20,6750
21/05/20,6846
22/05/20,7138
23/05/20,7312
24/05/20,7350
25/05/20,7480
26/05/20,7550
27/05/20,7410
28/05/20,7082
29/05/20,6976
30/05/20,6806
31/05/20,6386
01/06/20,6494
02/06/20,6520
03/06/20,6418
04/06/20,6366
05/06/20,6328
06/06/20,6496
07/06/20,6440
08/06/20,6884
09/06/20,7236
10/06/20,7366
11/06/20,7196
12/06/20,7144
13/06/20,7096
14/06/20,6948
15/06/20,7280
16/06/20,7376
17/06/20,7388
18/06/20,7462
19/06/20,7534
20/06/20,7440
21/06/20,7098
22/06/20,7252
23/06/20,7468
24/06/20,7482
25/06/20,7406
26/06/20,7338
27/06/20,7414
28/06/20,7274
29/06/20,7346
30/06/20,7480
01/07/20,7672
02/07/20,7800
03/07/20,7780
04/07/20,7472
05/07/20,6608
06/07/20,6996
07/07/20,7128
08/07/20,7192
09/07/20,7270
10/07/20,7304
11/07/20,7100
12/07/20,6636
13/07/20,7138
14/07/20,7436
15/07/20,7396
16/07/20,7366
17/07/20,7494
18/07/20,7586
19/07/20,7234
20/07/20,7114
21/07/20,6908
22/07/20,7070
23/07/20,7190
24/07/20,7286
25/07/20,7276
26/07/20,7240
27/07/20,7766
28/07/20,7862
29/07/20,7620
30/07/20,7450
31/07/20,7570
01/08/20,7420
02/08/20,7276
03/08/20,7324
04/08/20,7396
05/08/20,7242
06/08/20,7186
07/08/20,7542
08/08/20,7680
09/08/20,7336
10/08/20,7356
11/08/20,7376
12/08/20,7224
13/08/20,7012
14/08/20,7040
15/08/20,6734
16/08/20,6686
17/08/20,7110
18/08/20,7250
19/08/20,6958
20/08/20,6678
21/08/20,6644
22/08/20,6686
23/08/20,6614
24/08/20,6998
25/08/20,7266
26/08/20,7358
27/08/20,7252
28/08/20,7196
29/08/20,7206
30/08/20,6906
31/08/20,7192
01/09/20,7318
02/09/20,7320
03/09/20,7422
04/09/20,7562
05/09/20,7582
06/09/20,7262
07/09/20,7530
08/09/20,7742
09/09/20,7914
10/09/20,7912
11/09/20,7878
12/09/20,7792
13/09/20,7450
14/09/20,7646
15/09/20,7732
16/09/20,7804
17/09/20,7744
18/09/20,7834
19/09/20,7836
20/09/20,7486
21/09/20,7526
22/09/20,7560
23/09/20,7450
24/09/20,7474
25/09/20,7542
26/09/20,7286
27/09/20,7058
28/09/20,7464
29/09/20,7544
30/09/20,7428
01/10/20,7406
02/10/20,7254
03/10/20,7418
04/10/20,7234
05/10/20,7438
06/10/20,7516
07/10/20,7634
08/10/20,7588
09/10/20,7618
10/10/20,7474
11/10/20,7036
12/10/20,7222
13/10/20,7296
14/10/20,7284
15/10/20,7322
16/10/20,7380
17/10/20,7330
18/10/20,6952
19/10/20,7122
20/10/20,7126
21/10/20,7050
22/10/20,7018
23/10/20,6928
24/10/20,6810
25/10/20,6390
26/10/20,6598
27/10/20,6812
28/10/20,6874
29/10/20,6884
30/10/20,6920
31/10/20,6954
01/11/20,6672
02/11/20,6940
03/11/20,6992
04/11/20,6926
05/11/20,6822
06/11/20,6872
07/11/20,6854
08/11/20,6600
09/11/20,6814
10/11/20,6838
11/11/20,6814
12/11/20,6854
13/11/20,6678
14/11/20,6018
15/11/20,5624
16/11/20,5748
17/11/20,6200
18/11/20,6426
19/11/20,6532
20/11/20,6582
21/11/20,6542
22/11/20,6362
23/11/20,6546
24/11/20,6664
25/11/20,6588
26/11/20,6356
27/11/20,6442
28/11/20,6462
29/11/20,6382
30/11/20,6608
01/12/20,6698
02/12/20,6796
03/12/20,6780
04/12/20,6826
05/12/20,6786
06/12/20,6520
07/12/20,6710
08/12/20,6788
09/12/20,6832
10/12/20,6838
11/12/20,6708
12/12/20,6554
13/12/20,6426
14/12/20,6650
15/12/20,6818
16/12/20,6882
17/12/20,6954
18/12/20,7064
19/12/20,7024
20/12/20,6796
21/12/20,7034
22/12/20,7150
23/12/20,7218
24/12/20,7256
25/12/20,7230
26/12/20,7240
27/12/20,6980
28/12/20,7188
29/12/20,7284
30/12/20,7332
31/12/20,7254
01/01/21,7098
02/01/21,7072
03/01/21,6760
04/01/21,6890
05/01/21,6872
06/01/21,6902
07/01/21,6908
08/01/21,6942
09/01/21,6842
10/01/21,6712
11/01/21,7030
12/01/21,7146
13/01/21,7150
14/01/21,6868
15/01/21,6924
16/01/21,7094
17/01/21,7022
18/01/21,7272
19/01/21,7412
20/01/21,7508
21/01/21,7524
22/01/21,7622
23/01/21,7590
24/01/21,7364
25/01/21,7458
26/01/21,7180
27/01/21,7446
28/01/21,7590
29/01/21,7630
30/01/21,7626
31/01/21,7414
01/02/21,7558
02/02/21,7624
03/02/21,7618
04/02/21,7480
05/02/21,7512
06/02/21,7490
07/02/21,7240
08/02/21,7478
09/02/21,7590
10/02/21,7580
11/02/21,7548
12/02/21,7572
13/02/21,7516
14/02/21,7296
15/02/21,7512
16/02/21,7498
17/02/21,7434
18/02/21,7396
19/02/21,7292
20/02/21,7234
21/02/21,6968
22/02/21,7258
23/02/21,7444
24/02/21,7582
25/02/21,7678
26/02/21,7780
27/02/21,7752
28/02/21,7546
01/03/21,7796
02/03/21,7896
03/03/21,7882
04/03/21,7922
05/03/21,8018
06/03/21,7994
07/03/21,7700
08/03/21,7952
09/03/21,8124
10/03/21,8130
11/03/21,8104
12/03/21,7836
13/03/21,7654
14/03/21,7624
15/03/21,7958
16/03/21,8118
17/03/21,8198
18/03/21,8180
19/03/21,8088
20/03/21,8066
21/03/21,7810
22/03/21,7924
23/03/21,7850
24/03/21,8000
25/03/21,8120
26/03/21,8126
27/03/21,8138
28/03/21,7864
29/03/21,7366
30/03/21,7664
31/03/21,7996
01/04/21,7996
02/04/21,8100
03/04/21,8174
04/04/21,7908
05/04/21,8140
06/04/21,8128
07/04/21,8240
08/04/21,8322
09/04/21,8244
10/04/21,8172
11/04/21,7888
12/04/21,8090
13/04/21,8094
14/04/21,7916
15/04/21,7840
16/04/21,7884
17/04/21,7760
18/04/21,7670
19/04/21,7978
20/04/21,7984
21/04/21,7820
22/04/21,7646
23/04/21,7620
24/04/21,7676
25/04/21,7498
26/04/21,7836
27/04/21,7940
28/04/21,8028
29/04/21,8042
30/04/21,7914
01/05/21,7558
02/05/21,7372
03/05/21,7494
04/05/21,7538
05/05/21,7576
06/05/21,7532
07/05/21,7416
08/05/21,7546
09/05/21,7270
10/05/21,7362
11/05/21,7350
12/05/21,7174
13/05/21,7012
14/05/21,7142
15/05/21,7130
16/05/21,6840
17/05/21,6910
18/05/21,6600
19/05/21,6300
20/05/21,6370
21/05/21,6560
22/05/21,6732
23/05/21,6758
24/05/21,7002
25/05/21,7000
26/05/21,6950
27/05/21,7012
28/05/21,7264
29/05/21,7460
30/05/21,7220
31/05/21,7506
01/06/21,7070
02/06/21,7258
03/06/21,7258
04/06/21,7354
05/06/21,7188
06/06/21,7032
07/06/21,7566
08/06/21,7808
09/06/21,7870
10/06/21,7812
11/06/21,7628
12/06/21,7540
13/06/21,7174
14/06/21,7578
15/06/21,7598
16/06/21,7546
17/06/21,7552
18/06/21,7532
19/06/21,7364
20/06/21,7170
21/06/21,7734
22/06/21,8094
23/06/21,8232
24/06/21,8092
25/06/21,8154
26/06/21,8098
27/06/21,7852
28/06/21,8268
29/06/21,8606
30/06/21,8768
01/07/21,8642
02/07/21,8576
03/07/21,8440
04/07/21,8382
05/07/21,8674
06/07/21,8940
07/07/21,9016
08/07/21,8720
09/07/21,8620
10/07/21,8556
11/07/21,8072
12/07/21,8076
13/07/21,8068
14/07/21,7954
15/07/21,8048
16/07/21,8396
17/07/21,8476
18/07/21,7866
19/07/21,7702
20/07/21,7566
21/07/21,7484
22/07/21,7610
23/07/21,7776
24/07/21,7794
25/07/21,7740
26/07/21,8024
27/07/21,7918
28/07/21,7492
29/07/21,7450
30/07/21,7458
31/07/21,7482
01/08/21,7244
02/08/21,7704
03/08/21,7918
04/08/21,8080
05/08/21,8312
06/08/21,8426
07/08/21,8478
08/08/21,8190
09/08/21,8492
10/08/21,8652
11/08/21,8754
12/08/21,8856
13/08/21,8910
14/08/21,8882
15/08/21,8522
16/08/21,8744
17/08/21,8850
18/08/21,8768
19/08/21,8728
20/08/21,8410
21/08/21,8028
22/08/21,7466
23/08/21,7976
24/08/21,8416
25/08/21,8584
26/08/21,8588
27/08/21,8544
28/08/21,8436
29/08/21,8064
30/08/21,8054
31/08/21,7962
01/09/21,7898
02/09/21,7970
03/09/21,7896
04/09/21,7800
05/09/21,7590
06/09/21,7908
07/09/21,7772
08/09/21,7828
09/09/21,7954
10/09/21,7732
11/09/21,7372
12/09/21,7132
13/09/21,7424
14/09/21,7346
15/09/21,7464
16/09/21,7488
17/09/21,7514
18/09/21,7718
19/09/21,7708
20/09/21,7990
21/09/21,7862
22/09/21,7590
23/09/21,7458
24/09/21,7452
25/09/21,7584
26/09/21,7298
27/09/21,7438
28/09/21,7510
29/09/21,7584
30/09/21,7706
01/10/21,7640
02/10/21,7298
03/10/21,7272
04/10/21,7650
05/10/21,7660
06/10/21,7690
07/10/21,7774
08/10/21,7800
09/10/21,7656
10/10/21,7544
11/10/21,7780
12/10/21,7836
13/10/21,7810
14/10/21,7676
15/10/21,7366
16/10/21,7424
17/10/21,7124
18/10/21,7072
19/10/21,7162
20/10/21,7280
21/10/21,7280
22/10/21,7376
23/10/21,7246
24/10/21,6852
25/10/21,7058
26/10/21,7210
27/10/21,7198
28/10/21,7162
29/10/21,7110
30/10/21,6986
31/10/21,6762
01/11/21,6850
02/11/21,6916
03/11/21,6786
04/11/21,6142
05/11/21,5894
06/11/21,6140
07/11/21,6184
08/11/21,6522
09/11/21,6742
10/11/21,6804
11/11/21,6718
12/11/21,6814
13/11/21,6818
14/11/21,6648
15/11/21,6866
16/11/21,6934
17/11/21,6916
18/11/21,6822
19/11/21,6656
20/11/21,6682
21/11/21,6416
22/11/21,6710
23/11/21,6868
24/11/21,6930
25/11/21,6946
26/11/21,6972
27/11/21,6916
28/11/21,6620
29/11/21,6782
30/11/21,6836
01/12/21,6708
02/12/21,6562
03/12/21,6676
04/12/21,6712
05/12/21,6580
06/12/21,6846
07/12/21,7010
08/12/21,7094
09/12/21,7140
10/12/21,7148
11/12/21,7110
12/12/21,6830
13/12/21,7064
14/12/21,7182
15/12/21,7204
16/12/21,7260
17/12/21,7296
18/12/21,7258
19/12/21,6962
20/12/21,7268
21/12/21,7428
22/12/21,7472
23/12/21,7524
24/12/21,7576
25/12/21,7442
26/12/21,7158
27/12/21,7330
28/12/21,7184
29/12/21,7106
30/12/21,7246
31/12/21,7310
01/01/22,7178
02/01/22,6966
03/01/22,7330
04/01/22,7452
05/01/22,7312
06/01/22,7162
07/01/22,7184
08/01/22,6908
09/01/22,6718
10/01/22,7026
11/01/22,7130
12/01/22,7128
13/01/22,7148
14/01/22,6948
15/01/22,6886
16/01/22,6814
17/01/22,7248
18/01/22,7426
19/01/22,7510
20/01/22,7578
21/01/22,7624
22/01/22,7372
23/01/22,7074
24/01/22,7468
25/01/22,7588
26/01/22,7238
27/01/22,7478
28/01/22,7668
29/01/22,7634
30/01/22,7446
31/01/22,7710
01/02/22,7754
02/02/22,7808
03/02/22,7674
04/02/22,7654
05/02/22,7720
06/02/22,7496
07/02/22,7750
08/02/22,7872
09/02/22,7800
10/02/22,7780
11/02/22,7786
12/02/22,7732
13/02/22,7530
14/02/22,7750
15/02/22,7844
16/02/22,7906
17/02/22,7890
18/02/22,7950
19/02/22,7896
20/02/22,7604
21/02/22,7872
22/02/22,8006
23/02/22,7994
24/02/22,8082
25/02/22,8084
26/02/22,7922
27/02/22,7738
28/02/22,8006
01/03/22,8016
02/03/22,8028
03/03/22,8102
04/03/22,8160
05/03/22,8144
06/03/22,7910
07/03/22,8112
08/03/22,8210
09/03/22,8236
10/03/22,8266
11/03/22,8348
12/03/22,8302
13/03/22,8106
14/03/22,8440
15/03/22,8598
16/03/22,8706
17/03/22,8716
18/03/22,8092
19/03/22,8200
20/03/22,8304
21/03/22,8640
22/03/22,8676
23/03/22,8688
24/03/22,8658
25/03/22,8622
26/03/22,8540
27/03/22,8384
28/03/22,8660
29/03/22,8860
30/03/22,8874
31/03/22,8926
01/04/22,8880
02/04/22,8752
03/04/22,8476
04/04/22,8794
05/04/22,8872
06/04/22,8856
07/04/22,8942
08/04/22,9040
09/04/22,8954
10/04/22,8602
11/04/22,8874
12/04/22,8940
13/04/22,8900
14/04/22,8748
15/04/22,8700
16/04/22,8860
17/04/22,8548
18/04/22,8850
19/04/22,8938
20/04/22,8860
21/04/22,8892
22/04/22,8760
23/04/22,8840
24/04/22,8604
25/04/22,8942
26/04/22,8996
27/04/22,9070
28/04/22,9134
29/04/22,9156
30/04/22,9124
01/05/22,8754
02/05/22,8980
03/05/22,8964
04/05/22,8778
05/05/22,8600
06/05/22,8846
07/05/22,8942
08/05/22,8716
09/05/22,8978
10/05/22,8952
11/05/22,8994
12/05/22,9050
13/05/22,9004
14/05/22,9068
15/05/22,8764
16/05/22,9002
17/05/22,9016
18/05/22,8958
19/05/22,8946
20/05/22,8904
21/05/22,8554
22/05/22,8106
23/05/22,7892
24/05/22,8046
25/05/22,8390
26/05/22,8650
27/05/22,8760
28/05/22,8822
29/05/22,8586
30/05/22,8938
31/05/22,9148
01/06/22,9088
02/06/22,9232
03/06/22,9276
04/06/22,9254
05/06/22,8972
06/06/22,9124
07/06/22,9352
08/06/22,9422
09/06/22,9424
10/06/22,9444
11/06/22,9310
12/06/22,8880
13/06/22,9108
14/06/22,9238
15/06/22,9198
16/06/22,9028
17/06/22,8692
18/06/22,8438
19/06/22,8004
20/06/22,8226
21/06/22,8226
22/06/22,8382
23/06/22,8682
24/06/22,8790
25/06/22,8788
26/06/22,8736
27/06/22,9080
28/06/22,9278
29/06/22,9124
30/06/22,8468
01/07/22,8294
02/07/22,8348
03/07/22,8098
04/07/22,8570
05/07/22,8772
06/07/22,8662
07/07/22,8742
08/07/22,8752
09/07/22,8346
10/07/22,7826
11/07/22,8230
12/07/22,8340
13/07/22,8346
14/07/22,8180
15/07/22,8136
16/07/22,8310
17/07/22,7860
18/07/22,8332
19/07/22,8686
20/07/22,8458
21/07/22,8072
22/07/22,8148
23/07/22,8056
24/07/22,7786
25/07/22,8122
26/07/22,8228
27/07/22,8298
28/07/22,8310
29/07/22,8334
30/07/22,8250
31/07/22,7886
01/08/22,8228
02/08/22,8496
03/08/22,8584
04/08/22,8494
05/08/22,8392
06/08/22,8344
07/08/22,7944
08/08/22,8200
09/08/22,8274
10/08/22,8330
11/08/22,7982
12/08/22,8288
13/08/22,8418
14/08/22,7976
15/08/22,7332
16/08/22,7902
17/08/22,8450
18/08/22,8724
19/08/22,8736
20/08/22,8352
21/08/22,8208
22/08/22,8618
23/08/22,8702
24/08/22,8632
25/08/22,8592
26/08/22,8812
27/08/22,8754
28/08/22,8470
29/08/22,8714
30/08/22,8922
31/08/22,8836
01/09/22,8780
02/09/22,8936
03/09/22,9086
04/09/22,8776
05/09/22,8998
06/09/22,9078
07/09/22,9140
08/09/22,9034
09/09/22,8982
10/09/22,8850
11/09/22,8356
12/09/22,8456
13/09/22,8376
14/09/22,8332
15/09/22,8154
16/09/22,8092
17/09/22,8084
18/09/22,8052
19/09/22,8462
20/09/22,8504
21/09/22,8404
22/09/22,8252
23/09/22,8140
24/09/22,7990
25/09/22,7784
26/09/22,8148
27/09/22,8280
28/09/22,8422
29/09/22,8398
30/09/22,8436
01/10/22,8282
02/10/22,7930
03/10/22,8530
04/10/22,8184
05/10/22,7794
06/10/22,7854
07/10/22,7772
08/10/22,7588
09/10/22,7292
10/10/22,7392
11/10/22,7412
12/10/22,7492
13/10/22,7562
14/10/22,7524
15/10/22,7398
16/10/22,7128
17/10/22,7422
18/10/22,7552
19/10/22,7566
20/10/22,7548
21/10/22,7508
22/10/22,7370
23/10/22,6940
24/10/22,6390
25/10/22,6260
26/10/22,6630
27/10/22,7022
28/10/22,7184
29/10/22,7194
30/10/22,6856
31/10/22,7258
01/11/22,7294
02/11/22,7372
03/11/22,7398
04/11/22,7486
05/11/22,7490
06/11/22,7198
07/11/22,7510
08/11/22,7604
09/11/22,7644
10/11/22,7662
11/11/22,7580
12/11/22,7430
13/11/22,7102
14/11/22,7396
15/11/22,7534
16/11/22,7576
17/11/22,7584
18/11/22,7610
19/11/22,7528
20/11/22,7242
21/11/22,7502
22/11/22,7606
23/11/22,7642
24/11/22,7684
25/11/22,7758
26/11/22,7714
27/11/22,7432
28/11/22,7642
29/11/22,7678
30/11/22,7732
01/12/22,7650
02/12/22,7732
03/12/22,7740
04/12/22,7478
05/12/22,7688
06/12/22,7808
07/12/22,7810
08/12/22,7728
09/12/22,7616
10/12/22,7454
11/12/22,7218
12/12/22,7494
13/12/22,7634
14/12/22,7710
15/12/22,7712
16/12/22,7804
17/12/22,7872
18/12/22,7626
19/12/22,7816
20/12/22,7936
21/12/22,8046
22/12/22,8100
23/12/22,8094
24/12/22,8074
25/12/22,7744
26/12/22,7944
27/12/22,8082
28/12/22,8158
29/12/22,8206
30/12/22,8254
31/12/22,8162
01/01/23,7744
02/01/23,8020
03/01/23,8242
04/01/23,8260
05/01/23,8316
06/01/23,8316
07/01/23,8308
08/01/23,8086
09/01/23,8240
10/01/23,8354
11/01/23,8386
12/01/23,8378
13/01/23,8324
14/01/23,8018
15/01/23,7742
16/01/23,8038
17/01/23,8236
18/01/23,8352
19/01/23,8360
20/01/23,8370
21/01/23,8290
22/01/23,8010
23/01/23,8192
24/01/23,8164
25/01/23,8134
26/01/23,7678
27/01/23,7996
28/01/23,8114
29/01/23,7772
30/01/23,7810
31/01/23,8074
01/02/23,8068
02/02/23,8140
03/02/23,8216
04/02/23,8154
05/02/23,7942
06/02/23,8220
07/02/23,8328
08/02/23,8442
09/02/23,8458
10/02/23,8410
11/02/23,8390
12/02/23,8138
13/02/23,8324
14/02/23,8428
15/02/23,8512
16/02/23,8534
17/02/23,8632
18/02/23,8526
19/02/23,8276
20/02/23,8562
21/02/23,8636
22/02/23,8660
23/02/23,8650
24/02/23,8696
25/02/23,8660
26/02/23,8396
27/02/23,8622
28/02/23,8666
01/03/23,8650
02/03/23,8740
03/03/23,8786
04/03/23,8762
05/03/23,8436
06/03/23,8540
07/03/23,8102
08/03/23,7742
09/03/23,8010
10/03/23,8450
11/03/23,8542
12/03/23,8352
13/03/23,8682
14/03/23,8762
15/03/23,8710
16/03/23,8418
17/03/23,7960
18/03/23,7588
19/03/23,7028
20/03/23,7418
21/03/23,7672
22/03/23,7830
23/03/23,8024
24/03/23,8160
25/03/23,8154
26/03/23,7870
27/03/23,8224
28/03/23,8452
29/03/23,8538
30/03/23,8374
31/03/23,8066
01/04/23,7870
02/04/23,7748
03/04/23,8194
04/04/23,8362
05/04/23,8410
06/04/23,8464
07/04/23,8444
08/04/23,8482
09/04/23,8302
10/04/23,8696
11/04/23,8904
12/04/23,9110
13/04/23,9184
14/04/23,9188
15/04/23,9122
16/04/23,8960
17/04/23,9442
18/04/23,9672
19/04/23,9584
20/04/23,9506
21/04/23,9156
22/04/23,8792
23/04/23,8168
24/04/23,8494
25/04/23,8670
26/04/23,8756
27/04/23,8722
28/04/23,8686
29/04/23,8422
30/04/23,7648
01/05/23,7210
02/05/23,7414
03/05/23,7608
04/05/23,7702
05/05/23,8006
06/05/23,8218
07/05/23,7996
08/05/23,8470
09/05/23,8752
10/05/23,8812
11/05/23,9016
12/05/23,9162
13/05/23,9238
14/05/23,8866
15/05/23,9192
16/05/23,9338
17/05/23,9554
18/05/23,9170
19/05/23,9506
20/05/23,9576
21/05/23,9204
22/05/23,9470
23/05/23,9598
24/05/23,9177.82
25/05/23,8896.2
26/05/23,8587.54
27/05/23,8592.64
28/05/23,8436.62
29/05/23,8714.06
30/05/23,8763.44
31/05/23,8882
01/06/23,8916
02/06/23,9120
03/06/23,9326
04/06/23,8670
05/06/23,9244
06/06/23,9430
07/06/23,9514
08/06/23,9720
09/06/23,9826
10/06/23,9696
11/06/23,9228
12/06/23,9634
13/06/23,9828
14/06/23,9703.16
15/06/23,9579.72
16/06/23,9685.68
17/06/23,9700.7
18/06/23,9213.74
19/06/23,9443.58
20/06/23,9579.52
21/06/23,9669.86
22/06/23,9732.78
23/06/23,9777.92
24/06/23,9512.38
25/06/23,8544.62
26/06/23,8640.12
27/06/23,8805.66
28/06/23,8785.82
29/06/23,8711.54
30/06/23,8621.28
01/07/23,8799.7
02/07/23,8714.96
03/07/23,9198
04/07/23,9372.28
05/07/23,9093.2
06/07/23,8774.92
07/07/23,8808
08/07/23,8470.76
09/07/23,8067.64
10/07/23,8547.56
11/07/23,8718.12
12/07/23,8988.88
13/07/23,9163.56
14/07/23,9231.52
15/07/23,9192.36
16/07/23,8776.5
17/07/23,9189
18/07/23,9219.26
19/07/23,9140.22
20/07/23,9286.7
21/07/23,9403.42
22/07/23,9119.86
23/07/23,8888.16
24/07/23,9293.38
25/07/23,9196.06
26/07/23,8925.28
27/07/23,8917.74
28/07/23,8901.82
29/07/23,8669.88
30/07/23,8683.96
31/07/23,9255.26
01/08/23,9399.42
02/08/23,9214
03/08/23,9213.76
04/08/23,9317
05/08/23,9348.84
06/08/23,9067.88
07/08/23,9373.2
08/08/23,9630.36
09/08/23,9725.08
10/08/23,9813.88
11/08/23,9955.78
12/08/23,10003.14
13/08/23,9792.2
14/08/23,9920.2
15/08/23,9655.88
16/08/23,10061.72
17/08/23,10244.8
18/08/23,10197.76
19/08/23,9921.24
20/08/23,9649.4
21/08/23,9932.7
22/08/23,10062.42
23/08/23,9796.82
24/08/23,9803.96
25/08/23,9880.24
26/08/23,9877.38
27/08/23,9745.34
28/08/23,10099.48
29/08/23,10218.54
30/08/23,10146.32
31/08/23,10251.72
01/09/23,10437.06
02/09/23,10447.88
03/09/23,10051.34
04/09/23,10058
05/09/23,9999.78
06/09/23,9851.4
07/09/23,9540.84
08/09/23,9361.32
09/09/23,9276.72
10/09/23,8980.64
11/09/23,9440.92
12/09/23,9711.98
13/09/23,9849.4
14/09/23,9857
15/09/23,9590.02
16/09/23,9307.36
17/09/23,8568.06
18/09/23,8731.46
19/09/23,8906.4
20/09/23,9222.4
21/09/23,9271.68
22/09/23,9111.5
23/09/23,8805.46
24/09/23,8396.98
25/09/23,8703.14
26/09/23,9036.24
27/09/23,9171.96
28/09/23,9145.06
29/09/23,9145.32
30/09/23,9013.72
01/10/23,8634.46
02/10/23,8489.04
03/10/23,8852.7
04/10/23,9034.66
05/10/23,9115.98
06/10/23,9302.34
07/10/23,9324.9
08/10/23,9234.9
09/10/23,9469.84
10/10/23,9527.56
11/10/23,9558.1
12/10/23,9516.88
13/10/23,9546.3
14/10/23,9441.86
15/10/23,8988.4
16/10/23,8830.54
17/10/23,8744
18/10/23,8922
19/10/23,9006
20/10/23,8986.98
21/10/23,8882.9
22/10/23,8596.28
23/10/23,8527.8
24/10/23,8283.94
25/10/23,8625.38
26/10/23,8897.64
27/10/23,8878.76
28/10/23,8790.84
29/10/23,8466.28
30/10/23,8664.12
31/10/23,8756
01/11/23,8710
02/11/23,8738
03/11/23,8740.34
04/11/23,8619
05/11/23,8214.34
06/11/23,8382.82
07/11/23,8401.24
08/11/23,8398.7
09/11/23,8319.66
10/11/23,8230.98
11/11/23,7876.58
12/11/23,7162.86
13/11/23,6933.34
14/11/23,7248.16
15/11/23,7512.34
16/11/23,7782.86
17/11/23,7978.5
18/11/23,8088
19/11/23,7826.94
20/11/23,8110.2
21/11/23,8220.98
22/11/23,8200.56
23/11/23,8165.14
24/11/23,8156.36
25/11/23,8043.58
26/11/23,7525.7
27/11/23,7285.04
28/11/23,7460.5
29/11/23,7544.88
30/11/23,7412
01/12/23,7522
02/12/23,7500
03/12/23,7212
04/12/23,7260
05/12/23,7293.94
06/12/23,7422.38
07/12/23,7531.04
08/12/23,7643.38
09/12/23,7619.34
10/12/23,7412.22
11/12/23,7765.36
12/12/23,7933.08
13/12/23,8041.1
14/12/23,8107.62
15/12/23,8144.24
16/12/23,8088.06
17/12/23,7814.1
18/12/23,8039.9
19/12/23,8215.46
20/12/23,8277.58
21/12/23,8303.52
22/12/23,8374.68
23/12/23,8289.24
24/12/23,8035.26
25/12/23,8136.3
26/12/23,8322
27/12/23,8405.24
28/12/23,8459.2
29/12/23,8516.5
30/12/23,8461.58
31/12/23,8203.26
01/01/24,8202.24
02/01/24,8323.34
03/01/24,8477.18
04/01/24,8496.34
05/01/24,8525.48
06/01/24,8474.22
07/01/24,8160.98
08/01/24,8355.34
09/01/24,8451.44
10/01/24,8541.56
11/01/24,8646.48
12/01/24,8776.04
13/01/24,8713.42
14/01/24,8313.7
15/01/24,8395.94
16/01/24,8561.96
17/01/24,8713.22
18/01/24,8825.56
19/01/24,8955.02
20/01/24,8922.6
21/01/24,8665.84
22/01/24,8827.06
23/01/24,8882.86
24/01/24,8902.32
25/01/24,8965.54
26/01/24,8582.32
27/01/24,8712.26
28/01/24,8656.84
29/01/24,8881.12
30/01/24,8919.52
31/01/24,8841.36
01/02/24,8639.6
02/02/24,8841
03/02/24,8782.46
04/02/24,8351.18
05/02/24,8594.94
06/02/24,8842.98
07/02/24,8885.52
08/02/24,8882.5
09/02/24,8927.24
10/02/24,8864.82
11/02/24,8520.92
12/02/24,8724.24
13/02/24,8856.5
14/02/24,8867.88
15/02/24,8889.84
16/02/24,8947.1
17/02/24,8894.64
18/02/24,8527.38
19/02/24,8673.62
20/02/24,8846.92
21/02/24,8868
22/02/24,8936.7
23/02/24,9053.28
24/02/24,9003.48
25/02/24,8662.3
26/02/24,8874.48
27/02/24,8910.6
28/02/24,8898.14
29/02/24,9016.42
01/03/24,8900.6
02/03/24,8473.7
03/03/24,8115.08
04/03/24,8523.1
05/03/24,8755.3
06/03/24,8812.26
07/03/24,8911.16
08/03/24,8894.94
09/03/24,8890.38
10/03/24,8673.18
11/03/24,9030.92
12/03/24,9230.78
13/03/24,9267.46
14/03/24,9326.84
15/03/24,9388.2
16/03/24,9296.02
17/03/24,8890.54
18/03/24,9186.56
19/03/24,9191.36
20/03/24,8950.18
21/03/24,8969.78
22/03/24,9150.38
23/03/24,9171.02
24/03/24,8719.36
25/03/24,8118.76
26/03/24,8634.14
27/03/24,9218.42
28/03/24,9495.86
29/03/24,9605.04
30/03/24,9470.68
31/03/24,9068
01/04/24,9244.96
02/04/24,9444.76
03/04/24,9601.28
04/04/24,9727.92
05/04/24,9820.02
06/04/24,9765.32
07/04/24,9298.9
08/04/24,9433.28
09/04/24,9410.78
10/04/24,9441.34
11/04/24,9300.44
12/04/24,9301.3
13/04/24,9154.32
14/04/24,8880.26
15/04/24,9500.8
16/04/24,9720.72
17/04/24,9708.34
18/04/24,9813.56
19/04/24,9727.36
20/04/24,9688.2
21/04/24,9358.86
22/04/24,9652.86
23/04/24,9685.7
24/04/24,9757.88
25/04/24,9981.68
26/04/24,9989.56
27/04/24,10031.12
28/04/24,9747.54
29/04/24,10102.56
30/04/24,10216.34
01/05/24,9696.56
02/05/24,9947.52
03/05/24,10090
04/05/24,10224.52
05/05/24,9938
06/05/24,10260.2
07/05/24,9881.66
08/05/24,9800.8
09/05/24,9870.16
10/05/24,9800.2
11/05/24,9498.94
12/05/24,9318.16
13/05/24,9552.4
14/05/24,9696.56
15/05/24,9921.8
16/05/24,10032.56
17/05/24,10100.96
18/05/24,10169.18
19/05/24,9728.22
20/05/24,9989.68
21/05/24,10150.5
22/05/24,10335.7
23/05/24,10361.22
24/05/24,10538
25/05/24,10430
26/05/24,9958
27/05/24,10241.04
28/05/24,10517.18
29/05/24,10816
30/05/24,10932.2
31/05/24,10832.16
01/06/24,10579.94
02/06/24,9949.42
03/06/24,10224.66
04/06/24,10413.48
05/06/24,10238.5
06/06/24,9837.14
07/06/24,10060.02
08/06/24,9984.68
09/06/24,9694.2
10/06/24,10049.54
11/06/24,10281.94
12/06/24,10321.38
13/06/24,10375.32
14/06/24,10449
15/06/24,10503.34
16/06/24,10287.66
17/06/24,10617.7
18/06/24,10628.1
19/06/24,10473.32
20/06/24,10089.08
21/06/24,10153.92
22/06/24,10140.52
23/06/24,9860.52
24/06/24,10186.34
25/06/24,10373.18
26/06/24,10241.7
27/06/24,9898.26
28/06/24,9839.86
29/06/24,9775.98
30/06/24,9243.92
01/07/24,9356.72
02/07/24,9404.92
03/07/24,9422.32
04/07/24,9320.62
05/07/24,9393.9
06/07/24,9018.88
07/07/24,8831.96
08/07/24,9459.88
09/07/24,9765.78
10/07/24,9935.28
11/07/24,10098.52
12/07/24,9868.04
13/07/24,9677.46
14/07/24,9499.46
15/07/24,9772.06
16/07/24,9964.8
17/07/24,9974.08
18/07/24,10046.16
19/07/24,9953.28
20/07/24,9904.94
21/07/24,9640.96
22/07/24,9873.08
23/07/24,9897.18
24/07/24,9731.28
25/07/24,9682.56
26/07/24,9722.56
27/07/24,9728.38
28/07/24,9590.14
29/07/24,10044.66
30/07/24,10231.84
31/07/24,10060.86
01/08/24,9323.64
02/08/24,9178.88
03/08/24,9045.98
04/08/24,8848.2
05/08/24,9346.72
06/08/24,9500.82
07/08/24,9230.86
08/08/24,8708.58
09/08/24,9446.64
10/08/24,9388.98
11/08/24,8841.36
12/08/24,9217
13/08/24,9553.52
14/08/24,9746.7
15/08/24,9214.34
16/08/24,9612.12
17/08/24,9723.6
18/08/24,9392.02
19/08/24,9363.32
20/08/24,9353.48
21/08/24,9662.82
22/08/24,9741.82
23/08/24,9624.4
24/08/24,9431.7
25/08/24,8939.58
26/08/24,9150.08
27/08/24,8998.68
28/08/24,9161.48
29/08/24,9807.54
30/08/24,9274.1
31/08/24,9327.18
01/09/24,8884.64
02/09/24,9269.88
03/09/24,9338.34
04/09/24,9105.4
05/09/24,9164.26
06/09/24,9291.94
07/09/24,9143.1
08/09/24,8883.34
09/09/24,9367.5
10/09/24,9439.36
11/09/24,9341.56
12/09/24,9258.06
13/09/24,9288.82
14/09/24,9246
15/09/24,9028.16
16/09/24,9372.34
17/09/24,9360.18
18/09/24,9501.76
19/09/24,9803.72
20/09/24,10116.94
21/09/24,10116.84
22/09/24,9860.5
23/09/24,10218.24
24/09/24,10210.48
25/09/24,9948.2
26/09/24,9498.7
27/09/24,9192.1
28/09/24,9032.88
29/09/24,8927.32
30/09/24,9524.24
01/10/24,9789.42
02/10/24,9534.36
03/10/24,9811.66
04/10/24,9934.32
05/10/24,9770.42
06/10/24,9185.56
07/10/24,9628
08/10/24,9793.68
09/10/24,9716.56
10/10/24,9458.34
11/10/24,9090.32
12/10/24,8503.08
13/10/24,8357.18
14/10/24,8830.84
15/10/24,8875.4
16/10/24,8841.16
17/10/24,8929.04
18/10/24,9046.72
19/10/24,8939.72
20/10/24,8527.22
21/10/24,8792.52
22/10/24,8868.42
23/10/24,8865.02
24/10/24,8754.26
25/10/24,8654.96
26/10/24,8648.32
27/10/24,8514.74
28/10/24,8999.56
29/10/24,9164.48
30/10/24,8993.86
31/10/24,8123.7
01/11/24,7638.98
02/11/24,7636.52
03/11/24,7651.26
04/11/24,8158.7
05/11/24,8413.14
06/11/24,8573.7
07/11/24,8621.24
08/11/24,8652.06
09/11/24,8674.42
10/11/24,8350.56
11/11/24,8660.86
12/11/24,8729.86
13/11/24,8615.8
14/11/24,8559.72
15/11/24,8452.94
16/11/24,8307.28
17/11/24,7943.46
18/11/24,8324
19/11/24,8311.18
20/11/24,8223.02
21/11/24,8273.62
22/11/24,8321.7
23/11/24,8321.76
24/11/24,7999.58
25/11/24,8248.28
26/11/24,8281.66
27/11/24,8246.4
28/11/24,8265.46
29/11/24,8328.82
30/11/24,8225.32
01/12/24,7766.18
02/12/24,8057.12
03/12/24,8218.68
04/12/24,8337.98
05/12/24,8408.02
06/12/24,8493.64
07/12/24,8367.2
08/12/24,8066.08
09/12/24,8343.38
10/12/24,8482.36
11/12/24,8489.78
12/12/24,8434.32
13/12/24,8456.38
14/12/24,8344.16
15/12/24,8039
16/12/24,8396.52
17/12/24,8595.88
18/12/24,8694.8
19/12/24,8766.8
20/12/24,8871.78
21/12/24,8748.16
22/12/24,8463.48
23/12/24,8657.32
24/12/24,8731.7
25/12/24,8608.54
26/12/24,8634.96
27/12/24,8385.16
28/12/24,8059.16
29/12/24,7976.74
30/12/24,8375.66
31/12/24,8528.88
01/01/25,8356.74
02/01/25,8505.34
03/01/25,8742.34
04/01/25,8715.62
05/01/25,8474.98
06/01/25,8788.04
07/01/25,8993.14
08/01/25,8982.92
09/01/25,9024.8
10/01/25,9130.04
11/01/25,8948.42
12/01/25,8519.6
13/01/25,8687.2
14/01/25,8358.1
15/01/25,8437.94
16/01/25,8670.76
17/01/25,8872.36
18/01/25,8881.08
19/01/25,8539.02
20/01/25,8806.88
21/01/25,8973.48
22/01/25,9035.52
23/01/25,9035.08
24/01/25,9132.52
25/01/25,9156.54
26/01/25,8655.66
27/01/25,9074.18
28/01/25,9330.26
29/01/25,9356.92
30/01/25,9399.7
31/01/25,9412.92
01/02/25,9246.04
02/02/25,8918.38
03/02/25,9247.62
04/02/25,9351.02
05/02/25,9350.36
06/02/25,9396.12
07/02/25,9457.02
08/02/25,9442.98
09/02/25,9106.4
10/02/25,9404.4
11/02/25,9510
12/02/25,9532.4
13/02/25,9461.86
14/02/25,9470.58
15/02/25,9420.56
16/02/25,9121.74
17/02/25,9450.52
18/02/25,9574.24
19/02/25,9578.04
20/02/25,9377.4
21/02/25,9521.12
22/02/25,9522.12
23/02/25,9165.32
24/02/25,9432.66
25/02/25,9555.94
26/02/25,9483.42
27/02/25,9455.98
28/02/25,9526.24
01/03/25,9401.66
02/03/25,9118.02
03/03/25,9507.68
04/03/25,9648.2
05/03/25,9479.66
06/03/25,9503.5
07/03/25,9707.56
08/03/25,9766.98
09/03/25,9532.4
10/03/25,9810.46
11/03/25,9884.92
12/03/25,9750.4
13/03/25,9751
14/03/25,8796.56
15/03/25,8978.68
16/03/25,9213.5
17/03/25,9694.3
18/03/25,9808.24
19/03/25,9906.16
20/03/25,9810.9
21/03/25,9713.34
22/03/25,9414.36
23/03/25,9070.26
24/03/25,9568.78
25/03/25,9752.42
26/03/25,9852.78
27/03/25,9945.96
28/03/25,9925.8
29/03/25,9725
30/03/25,9388.18
31/03/25,9542.58
01/04/25,9537.12
02/04/25,9551.66
03/04/25,9420.76
04/04/25,9339.28
05/04/25,9489.96
06/04/25,9246.72
07/04/25,9739.34
08/04/25,10044.94
09/04/25,10152.8
10/04/25,9708.44
11/04/25,9375.52
12/04/25,9354.26
13/04/25,9053
14/04/25,9462.5
15/04/25,9762.72
16/04/25,9944.92
17/04/25,9946.66
18/04/25,9840.38
19/04/25,9791.72
20/04/25,9745.3
21/04/25,10139.82
22/04/25,10347.42
23/04/25,10373.12
24/04/25,10474.62
25/04/25,10586.12
26/04/25,10398.12
27/04/25,9809.56
28/04/25,10053.58
29/04/25,10109.28
30/04/25,10171.42
01/05/25,9682
02/05/25,9438.5
03/05/25,9635.6
04/05/25,9090.42
05/05/25,9194.42
06/05/25,9062.14
07/05/25,9196.08
08/05/25,9355.66
09/05/25,9621.22
10/05/25,9771.24
11/05/25,9474.06
12/05/25,9877.18
13/05/25,10028.9
14/05/25,10144.22
15/05/25,10283.38
16/05/25,10250.98
17/05/25,9980.32
18/05/25,9571.08
19/05/25,9957.16
20/05/25,10086.88
21/05/25,9683.5
22/05/25,9146.68
23/05/25,9713.44
24/05/25,9541.26
25/05/25,8578.94
26/05/25,9262.64
27/05/25,9536.98
28/05/25,9625.02
29/05/25,9603.86
30/05/25,9437.5
31/05/25,9514.64
01/06/25,9142.94
02/06/25,9631.26
03/06/25,9611.8
04/06/25,9524
05/06/25,9732
06/06/25,10149.98
07/06/25,10370.88
08/06/25,10140.96
09/06/25,10709.2
10/06/25,10880.76
11/06/25,10913.82
12/06/25,10905.02
13/06/25,10898.72
14/06/25,10790.64
15/06/25,9787.52
16/06/25,9913.24
17/06/25,9699.34
18/06/25,9742.82
19/06/25,9784.3
20/06/25,9819.08
21/06/25,9843.8
22/06/25,9638.26
23/06/25,9856.38
24/06/25,9936.18
25/06/25,9911.98
26/06/25,9836.56
27/06/25,10013.06
28/06/25,10042.96
29/06/25,9363.9
30/06/25,9505.14
01/07/25,9563.24
02/07/25,9780.92
03/07/25,9910.78
04/07/25,10076.04
05/07/25,10050.1
06/07/25,9527.28
07/07/25,9810.98
08/07/25,10078.28
09/07/25,9929.82
10/07/25,9771.06
11/07/25,10052.98
12/07/25,10127.54
13/07/25,9742.84
14/07/25,9808.16
15/07/25,9876.06
16/07/25,9938.74
17/07/25,9922.42
18/07/25,10031.24
19/07/25,10106.38
20/07/25,9850.12
21/07/25,10139.48
22/07/25,10087.82
23/07/25,10048.06
24/07/25,10065.72
25/07/25,9982.12
26/07/25,9735.2
27/07/25,9545.56
28/07/25,9989.16
29/07/25,9925.6
30/07/25,9974.6
31/07/25,9812.3
01/08/25,9906.4
02/08/25,10069.46
03/08/25,9727.82
04/08/25,9960.82
05/08/25,10120.84
06/08/25,10188.82
07/08/25,10413.46
08/08/25,10326.12
09/08/25,9671.68
10/08/25,9494.68
11/08/25,10014
12/08/25,10111.02
13/08/25,10123.64
14/08/25,9677.18
15/08/25,9171.18
16/08/25,9456.74
17/08/25,9292.56
18/08/25,9615.96
19/08/25,9756.46
20/08/25,9759.82
21/08/25,9859.6
22/08/25,9928.62
23/08/25,9685.56
24/08/25,8962.9
25/08/25,9261.28
26/08/25,9477.22
27/08/25,9255.2
28/08/25,9508.04
29/08/25,9563.54
30/08/25,9581.38
31/08/25,8999
01/09/25,8911.5
02/09/25,8799.1
03/09/25,8924.48
04/09/25,9093.18
05/09/25,9291.78
06/09/25,9287.7
07/09/25,8954.18
08/09/25,9492.28
09/09/25,9842.16
10/09/25,10028.66
11/09/25,9909.12
12/09/25,9993.64
13/09/25,10056.2
14/09/25,9715.06
15/09/25,10055.24
16/09/25,10065.68
17/09/25,9807.7
18/09/25,9893.18
19/09/25,10088.58
20/09/25,9983.56
21/09/25,9765.26
22/09/25,10024.42
23/09/25,10075.66
24/09/25,10114.14
25/09/25,10186.6
26/09/25,10160.06
27/09/25,9911.1
28/09/25,9699.36
29/09/25,9971.12
30/09/25,9726.9
01/10/25,9185.54
02/10/25,8541.3
03/10/25,8982.88
04/10/25,9104.5
05/10/25,8657.02
06/10/25,8635.52
07/10/25,8633.96
08/10/25,8767.64
09/10/25,8766.92
10/10/25,8762
11/10/25,8680.68
12/10/25,8409.76
13/10/25,8807.22
14/10/25,8950.48
15/10/25,8965.36
16/10/25,9009.72
17/10/25,9080.88
18/10/25,9000.56
19/10/25,8527.5
20/10/25,7929.28
21/10/25,7724.4
22/10/25,7857.06
23/10/25,8135.48
24/10/25,8423.12
25/10/25,8443.78
26/10/25,8073.5
27/10/25,8161.52
28/10/25,7926.5
29/10/25,7874.1
30/10/25,7948.84
31/10/25,8027.98
01/11/25,8034.74
02/11/25,7719.34
03/11/25,8038.72
04/11/25,8135.88
05/11/25,8096.56
06/11/25,8089.12
07/11/25,8139.42
08/11/25,8000.06
09/11/25,7626.96
10/11/25,7981.86
11/11/25,8201.4
12/11/25,8239.16
13/11/25,8278.16
14/11/25,8315.56
15/11/25,8194.38
16/11/25,7826.74
17/11/25,8124
18/11/25,8202.62
19/11/25,8295.28
20/11/25,8347.16
21/11/25,8499.5
22/11/25,8447.72
23/11/25,8106.26
24/11/25,8417.76
25/11/25,8574.58
26/11/25,8624.42
27/11/25,8680.62
28/11/25,8773.14
29/11/25,8620.04
30/11/25,8168.94
01/12/25,8406.44
02/12/25,8646.32
03/12/25,8707.8
04/12/25,8724.08
05/12/25,8809.32
06/12/25,8693.44
07/12/25,8370.6
08/12/25,8700.92
09/12/25,8848.16
10/12/25,8921.58
11/12/25,8898.32
12/12/25,8947.72
13/12/25,8893.76
14/12/25,8532.88
15/12/25,8813.7
16/12/25,8965.78
17/12/25,9040
18/12/25,9030.44
19/12/25,9127.28
20/12/25,9066.44
21/12/25,8789.6
22/12/25,9036